[
  {
    "name": "Goal",
    "type": "progressive",
    "loop": true,
    "allow_disabled": false,
    "initial_stage_idx": 0,
    "codes": "goal",
    "stages": [
      {
        "img": "images/TowerOfTime_16_MusicBox_0.png",
        "codes": "open_music_box"
      },
      {
        "img": "images/Chest_6.png",
        "codes": "power_seal_hunt"
      }
    ]
  },
  {
    "name": "Required Power Seals",
    "type": "consumable",
    "img": "images/ChallengeRoomMapIcon.png",
    "codes": "required_seals",
    "overlay_background": "#000000",
    "overlay_font_size": 12,
    "max_quantity": 45
  },
  {
    "name": "Shuffled Power Seals",
    "type": "progressive",
    "loop": true,
    "allow_disabled": false,
    "initial_stage_idx": 1,
    "stages": [
      {
        "img": "images/items/Icon_PowerSeal_Collected_16.png"
      },
      {
        "img": "images/items/Icon_PowerSeal_16.png",
        "codes": "shuffled_power_seals"
      }
    ]
  },
  {
    "name": "Logic",
    "type": "progressive",
    "loop": true,
    "allow_disabled": false,
    "initial_stage_idx": 0,
    "codes": "logic",
    "stages": [
      {
        "name": "Normal Logic",
        "img": "images/Player_TowerOfTimeAppear_5.png",
        "codes": "normal"
      },
      {
        "name": "Hard Logic",
        "img": "images/playerKoalaPlaceholder.png",
        "codes": "hard"
      },
      {
        "name": "Challenging Logic",
        "img": "images/Player16_GameOver_0.png",
        "codes": "challenging"
      },
      {
        "name": "No Logic",
        "img": "images/Suses_16.png",
        "codes": "oob"
      }
    ]
  }
]