﻿{
   "tracker_default": {
        "type": "container",
        "content": {
            "type": "dock",
            "dropshadow": true,
            "content": [
                {
                    "type": "dock",
                    "dock": "left",
                    "v_alignment": "stretch",
                    "content": [
                        {
                            "type": "group",
                            "header": "Items",
                            "dock": "left",
                            "content": {
                                "type": "layout",
                                "key": "shared_item_grid"
                            }
                        },
                        {
                            "type": "group",
                            "header": "Settings",
                            "dock": "left",
                            "content": {
                                "type": "layout",
                                "key": "settings"
                            }
                        },
                        {
                            "type": "group",
                            "header": "Pinned Locations",
                            "dock": "left",
                            "content": {
                                "type": "recentpins",
                                "style": "wrap",
                                "h_alignment": "stretch",
                                "v_alignment": "stretch",
                                "orientation": "vertical",
                                "compact": true
                            }
                        }
                    ]
                },
                {
                    "type": "tabbed",
                    "tabs": [
                        {
                            "title": "Overworld",
                            "content": {
                                "type": "map",
                                "maps": [
                                    "messenger_map"
                                ]
                            }
                        },
                        {
                            "title": "Ninja Village",
                            "content": {
                                "type": "map",
                                "maps": [
                                    "ninja_village_map"
                                ]
                            }
                        },
                        {
                            "title": "Autumn Hills",
                            "content": {
                                "type": "map",
                                "maps": [
                                    "autumn_hills_map"
                                ]
                            }
                        },
                        {
                            "title": "Forlorn Temple",
                            "content": {
                                "type": "map",
                                "maps": [
                                    "forlorn_temple_map"
                                ]
                            }
                        },
                        {
                            "title": "Catacombs",
                            "content": {
                                "type": "map",
                                "maps": [
                                    "catacombs_map"
                                ]
                            }
                        },
                        {
                            "title": "Bamboo Creek",
                            "content": {
                                "type": "map",
                                "maps": [
                                    "bamboo_creek_map"
                                ]
                            }
                        },
                        {
                            "title": "Howling Grotto",
                            "content": {
                                "type": "map",
                                "maps": [
                                    "howling_grotto_map"
                                ]
                            }
                        },
                        {
                            "title": "Quillshroom Marsh",
                            "content": {
                                "type": "map",
                                "maps": [
                                    "quillshroom_marsh_map"
                                ]
                            }
                        },
                        {
                            "title": "Searing Crags",
                            "content": {
                                "type": "map",
                                "maps": [
                                    "searing_crags_map"
                                ]
                            }
                        },
                        {
                            "title": "Glacial Peak",
                            "content": {
                                "type": "map",
                                "maps": [
                                    "glacial_peak_map"
                                ]
                            }
                        },
                        {
                            "title": "Tower of Time",
                            "content": {
                                "type": "map",
                                "maps": [
                                    "tower_map"
                                ]
                            }
                        },
                        {
                            "title": "Cloud Ruins",
                            "content": {
                                "type": "map",
                                "maps": [
                                    "cloud_ruins_map"
                                ]
                            }
                        },
                        {
                            "title": "Underworld",
                            "content": {
                                "type": "map",
                                "maps": [
                                    "underworld_map"
                                ]
                            }
                        },
//                        {
//                            "title": "Dark Cave"
//                        },
                        {
                            "title": "Riviere Turquoise",
                            "content": {
                                "type": "map",
                                "maps": [
                                    "riviere_turquoise_map"
                                ]
                            }
                        },
                        {
                            "title": "Sunken Shrine",
                            "content": {
                                "type": "map",
                                "maps": [
                                    "sunken_shrine_map"
                                ]
                            }
                        },
                        {
                            "title": "Elemental Skylands",
                            "content": {
                                "type": "map",
                                "maps": [
                                    "elemental_skylands_map"
                                ]
                            }
                        }
//                        {
//                            "title": "Corrupted Future"
//                        },
//                        {
//                            "title": "Music Box"
//                        }
                    ]
                }
            ]
        }
    },
    "tracker_horizontal": {
        "type": "container",
        "content": {
            "type": "dock",
            "dropshadow": true,
            "content": [
                {
                    "type": "dock",
                    "dock": "bottom",
                    "content": [
                        {
                            "type": "group",
                            "header": "Items",
                            "dock": "left",
                            "margin": "0,0,3,0",
                            "content": {
                                "type": "layout",
                                "h_alignment": "center",
                                "v_alignment": "center",
                                "key": "shared_item_grid"
                            }
                        },
                        {
                            "type": "group",
                            "header": "Settings",
                            "dock": "left",
                            "content": {
                                "type": "layout",
                                "key": "settings"
                            }
                        },
                        {
                            "type": "group",
                            "header": "Pinned Locations",
                            "dock": "left",
                            "content": {
                                "type": "recentpins",
                                "style": "wrap",
                                "h_alignment": "stretch",
                                "v_alignment": "stretch",
                                "orientation": "vertical",
                                "compact": true
                            }
                        }
                    ]
                },
                {
                    "type": "tabbed",
                    "tabs": [
                        {
                            "title": "Overworld",
                            "content": {
                                "type": "map",
                                "maps": [
                                    "messenger_map"
                                ]
                            }
                        },
                        {
                            "title": "Ninja Village",
                            "content": {
                                "type": "map",
                                "maps": [
                                    "ninja_village_map"
                                ]
                            }
                        },
                        {
                            "title": "Autumn Hills",
                            "content": {
                                "type": "map",
                                "maps": [
                                    "autumn_hills_map"
                                ]
                            }
                        },
                        {
                            "title": "Forlorn Temple",
                            "content": {
                                "type": "map",
                                "maps": [
                                    "forlorn_temple_map"
                                ]
                            }
                        },
                        {
                            "title": "Catacombs",
                            "content": {
                                "type": "map",
                                "maps": [
                                    "catacombs_map"
                                ]
                            }
                        },
                        {
                            "title": "Bamboo Creek",
                            "content": {
                                "type": "map",
                                "maps": [
                                    "bamboo_creek_map"
                                ]
                            }
                        },
                        {
                            "title": "Howling Grotto",
                            "content": {
                                "type": "map",
                                "maps": [
                                    "howling_grotto_map"
                                ]
                            }
                        },
                        {
                            "title": "Quillshroom Marsh",
                            "content": {
                                "type": "map",
                                "maps": [
                                    "quillshroom_marsh_map"
                                ]
                            }
                        },
                        {
                            "title": "Searing Crags",
                            "content": {
                                "type": "map",
                                "maps": [
                                    "searing_crags_map"
                                ]
                            }
                        },
                        {
                            "title": "Glacial Peak",
                            "content": {
                                "type": "map",
                                "maps": [
                                    "glacial_peak_map"
                                ]
                            }
                        },
                        {
                            "title": "Tower of Time",
                            "content": {
                                "type": "map",
                                "maps": [
                                    "tower_map"
                                ]
                            }
                        },
                        {
                            "title": "Cloud Ruins",
                            "content": {
                                "type": "map",
                                "maps": [
                                    "cloud_ruins_map"
                                ]
                            }
                        },
                        {
                            "title": "Underworld",
                            "content": {
                                "type": "map",
                                "maps": [
                                    "underworld_map"
                                ]
                            }
                        },
//                        {
//                            "title": "Dark Cave"
//                        },
                        {
                            "title": "Riviere Turquoise",
                            "content": {
                                "type": "map",
                                "maps": [
                                    "riviere_turquoise_map"
                                ]
                            }
                        },
                        {
                            "title": "Sunken Shrine",
                            "content": {
                                "type": "map",
                                "maps": [
                                    "sunken_shrine_map"
                                ]
                            }
                        },
                        {
                            "title": "Elemental Skylands",
                            "content": {
                                "type": "map",
                                "maps": [
                                    "elemental_skylands_map"
                                ]
                            }
                        }
//                        {
//                            "title": "Corrupted Future"
//                        },
//                        {
//                            "title": "Music Box"
//                        }
                    ]
                }
            ]
        }
    }
}