[
  {
    "name": "Autumn Hills",
    "access_rules": ["wingsuit", "$vertical, [hard]", "$vertical, challenging", "oob"],
    "chest_unopened_img": "images/items/Icon_PowerSeal_8.png",
    "chest_opened_img": "images/items/Icon_PowerSeal_Collected_8.png",
    "item_count": 1,
    "map_locations": [
      {
        "map": "messenger_map",
        "x": 130,
        "y": 155
      }
    ],
    "sections": [
      {
        "name": "Climbing Claws",
        "chest_unopened_img": "images/items/Icon_ClimbingClaws.png",
        "chest_opened_img": "images/items/Icon_ClimbingClawsBW.png"
      },
      {
        "name": "Key of Hope",
        "chest_unopened_img": "images/items/Note_Hope.png",
        "chest_opened_img": "images/items/Note_HopeBW.png",
        "access_rules": ["grapplou", "$vertical, [challenging]", "oob"]
      },
      {
        "name": "Autumn Hills Seal - Trip Saws",
        "visibility_rules": ["shuffled_power_seals"],
        "chest_unopened_img": "images/items/Icon_PowerSeal_16.png",
        "chest_opened_img": "images/items/Icon_PowerSeal_Collected_16.png"
      },
      {
        "name": "Autumn Hills Seal - Double Swing Saws",
        "visibility_rules": ["shuffled_power_seals"],
        "chest_unopened_img": "images/items/Icon_PowerSeal_16.png",
        "chest_opened_img": "images/items/Icon_PowerSeal_Collected_16.png"
      },
      {
        "name": "Autumn Hills Seal - Spike Ball Swing",
        "visibility_rules": ["shuffled_power_seals"]
      },
      {
        "name": "Autumn Hills Seal - Spike Ball Darts",
        "visibility_rules": ["shuffled_power_seals"],
        "access_rules": ["wingsuit, [hard]", "wingsuit, challenging", "grapplou, windmill, [hard]", "grapplou, windmill, challenging", "$vertical, oob"]
      }
    ]
  },
  //Autumn Hills Map Items
  {
    "access_rules": ["wingsuit"],
    "item_count": 1,
    "children": [
      {
        "sections": [
          {
            "ref": "Autumn Hills/Climbing Claws",
            "name": "Climbing Claws"
          }
        ],
        "map_locations": [
          {
            "map": "autumn_hills_map",
            "x": 281,
            "y": 130
          }
        ]
      },
      {
        "sections": [
          {
            "ref": "Autumn Hills/Key of Hope",
            "name": "Key of Hope"
          }
        ],
        "map_locations": [
          {
            "map": "autumn_hills_map",
            "x": 366,
            "y": 77
          }
        ]
      }
    ]
  },
  {
    "access_rules": ["wingsuit"],
    "visibility_rules": ["shuffled_power_seals"],
    "chest_unopened_img": "images/items/Icon_PowerSeal_16.png",
    "chest_opened_img": "images/items/Icon_PowerSeal_Collected_16.png",
    "item_count": 1,
    "children": [
      {
        "name": "Autumn Hills Seal",
        "sections": [
          {
            "ref": "Autumn Hills/Autumn Hills Seal - Trip Saws",
            "name": "Trip Saws"
          }
        ],
        "map_locations": [
          {
            "map": "autumn_hills_map",
            "x": 281,
            "y": 92
          }
        ]
      },
      {
        "name": "Autumn Hills Seal",
        "sections": [
          {
            "ref": "Autumn Hills/Autumn Hills Seal - Double Swing Saws",
            "name": "Double Swing Saws"
          }
        ],
        "map_locations": [
          {
            "map": "autumn_hills_map",
            "x": 641,
            "y": 73
          }
        ]
      },
      {
        "name": "Autumn Hills Seal",
        "sections": [
          {
            "ref": "Autumn Hills/Autumn Hills Seal - Spike Ball Swing",
            "name": "Spike Ball Swing"
          }
        ],
        "map_locations": [
          {
            "map": "autumn_hills_map",
            "x": 754,
            "y": 110
          }
        ]
      },
      {
        "name": "Autumn Hills Seal",
        "sections": [
          {
            "ref": "Autumn Hills/Autumn Hills Seal - Spike Ball Darts",
            "name": "Spike Ball Darts"
          }
        ],
        "map_locations": [
          {
            "map": "autumn_hills_map",
            "x": 754,
            "y": 129
          }
        ]
      }
    ]
  }
]