﻿[
  {
    "name": "Catacombs",
    "access_rules": ["wingsuit", "$vertical, [hard]", "$vertical, challenging", "oob"],
    "chest_unopened_img": "images/items/Icon_PowerSeal_16.png",
    "chest_opened_img": "images/items/Icon_PowerSeal_Collected_16.png",
    "item_count": 1,
    "map_locations": [
      {
        "map": "messenger_map",
        "x": 215,
        "y": 190
      }
    ],
    "sections": [
      {
        "name": "Necro",
        "chest_unopened_img": "images/items/Icon_PhobekinNecro.png",
        "chest_opened_img": "images/items/Icon_PhobekinNecroBW.png"
      },
      {
        "name": "Ruxxtin's Amulet",
        "chest_unopened_img": "images/items/Icon_NecromancerAmulet.png",
        "chest_opened_img": "images/items/Icon_NecromancerAmuletBW.png"
      },
      {
        "name": "Catacombs Seal - Triple Spike Crushers",
        "visibility_rules": ["shuffled_power_seals"],
        "chest_unopened_img": "images/items/Icon_PowerSeal_8.png",
        "chest_opened_img": "images/items/Icon_PowerSeal_Collected_8.png"
      },
      {
        "name": "Catacombs Seal - Crusher Gauntlet",
        "visibility_rules": ["shuffled_power_seals"]
      },
      {
        "name": "Catacombs Seal - Dirty Pond",
        "visibility_rules": ["shuffled_power_seals"]
      }
    ]
  },
  {
    "access_rules": ["wingsuit"],
    "item_count": 1,
    "children": [
      {
        "sections": [
          {
            "ref": "Catacombs/Necro",
            "name": "Necro"
          }
        ],
        "map_locations": [
          {
            "map": "catacombs_map",
            "x": 95,
            "y": 165,
            "size": 30
          }
        ]
      },
      {
        "sections": [
          {
            "ref": "Catacombs/Ruxxtin's Amulet",
            "name": "Ruxxtin's Amulet"
          }
        ],
        "map_locations": [
          {
            "map": "catacombs_map",
            "x": 780,
            "y": 325,
            "size": 30
          }
        ]
      },
      {
        "visibility_rules": ["shuffled_power_seals"],
        "chest_unopened_img": "images/items/Icon_PowerSeal_16.png",
        "chest_opened_img": "images/items/Icon_PowerSeal_Collected_16.png",
        "children": [
          {
            "name": "Catacombs Seal",
            "sections": [
              {
                "ref": "Catacombs/Catacombs Seal - Triple Spike Crushers",
                "name": "Triple Spike Crushers"
              }
            ],
            "map_locations": [
              {
                "map": "catacombs_map",
                "x": 328,
                "y": 208
              }
            ]
          },
          {
            "name": "Catacombs Seal",
            "sections": [
              {
                "ref": "Catacombs/Catacombs Seal - Crusher Gauntlet",
                "name": "Crusher Gauntlet"
              }
            ],
            "map_locations": [
              {
                "map": "catacombs_map",
                "x": 552,
                "y": 206
              }
            ]
          },
          {
            "name": "Catacombs Seal",
            "sections": [
              {
                "ref": "Catacombs/Catacombs Seal - Dirty Pond",
                "name": "Dirty Pond"
              }
            ],
            "map_locations": [
              {
                "map": "catacombs_map",
                "x": 609,
                "y": 236
              }
            ]
          }
        ]
      }
    ]
  },
]