﻿[
  {
    "name": "Forlorn Temple",
    "access_rules": ["necro, pyro, claustro, acro, wingsuit", "necro, pyro, claustro, acro, $vertical, [hard]", "necro, pyro, claustro, acro, $vertical, challenging", "wingsuit, windmill, challenging", "oob"],
    "chest_unopened_img": "images/items/Icon_PowerSeal_16.png",
    "chest_opened_img": "images/items/Icon_PowerSeal_Collected_16.png",
    "item_count": 1,
    "map_locations": [
      {
        "map": "messenger_map",
        "x": 230,
        "y": 145
      }
    ],
    "sections": [
      {
        "name": "Demon King Crown",
        "chest_unopened_img": "images/items/Icon_DemonCrown.png",
        "chest_opened_img": "images/items/Icon_DemonCrownBW.png"
      },
      {
        "name": "Forlorn Temple Seal - Rocket Maze",
        "visibility_rules": ["shuffled_power_seals"]
      },
      {
        "name": "Forlorn Temple Seal - Rocket Sunset",
        "visibility_rules": ["shuffled_power_seals"]
      }
    ]
  },
  {
    "access_rules": ["necro, pyro, claustro, acro, wingsuit"],
    "chest_unopened_img": "images/items/Icon_DemonCrown.png",
    "chest_opened_img": "images/items/Icon_DemonCrownBW.png",
    "item_count": 1,
    "sections": [
      {
        "ref": "Forlorn Temple/Demon King Crown",
        "name": "Demon King Crown"
      }
    ],
    "map_locations": [
      {
        "map": "forlorn_temple_map",
        "x": 734,
        "y": 483,
        "size": 36
      }
    ],
    "children": [
      {
        "visibility_rules": ["shuffled_power_seals"],
        "chest_unopened_img": "images/items/Icon_PowerSeal_16.png",
        "chest_opened_img": "images/items/Icon_PowerSeal_Collected_16.png",
        "children": [
          {
            "name": "Forlorn Temple Seal",
            "sections": [
              {
                "ref": "Forlorn Temple/Forlorn Temple Seal - Rocket Maze",
                "name": "Rocket Maze"
              }
            ],
            "map_locations": [
              {
                "map": "forlorn_temple_map",
                "x": 462,
                "y": 417
              }
            ]
          },
          {
            "name": "Forlorn Temple Seal",
            "sections": [
              {
                "ref": "Forlorn Temple/Forlorn Temple Seal - Rocket Sunset",
                "name": "Rocket Sunset"
              }
            ],
            "map_locations": [
              {
                "map": "forlorn_temple_map",
                "x": 426,
                "y": 160
              }
            ]
          }
        ]
      }
    ]
  }
]