﻿[
  {
    "name": "Glacial Peak",
    "chest_unopened_img": "images/items/Icon_PowerSeal_16.png",
    "chest_opened_img": "images/items/Icon_PowerSeal_Collected_16.png",
    "visibility_rules": ["shuffled_power_seals"],
    "item_count": 1,
    "map_locations": [
      {
        "map": "messenger_map",
        "x": 560,
        "y": 95
      }
    ],
    "sections": [
      {
        "name": "Glacial Peak Seal - Ice Climbers",
        "access_rules": ["grapplou", "[hard]", "challenging", "oob"]
      },
      {
        "name": "Glacial Peak Seal - Projectile Spike Pit",
        "access_rules": ["wingsuit", "grapplou", "[hard]", "challenging", "oob"]
      },
      {
        "name": "Glacial Peak Seal - Glacial Air Swag",
        "access_rules": ["wingsuit", "grapplou", "windmill, [hard]", "windmill, challenging", "oob"],
        "chest_unopened_img": "images/items/Icon_PowerSeal_8.png",
        "chest_opened_img": "images/items/Icon_PowerSeal_Collected_8.png"
      }
    ]
  },
  {
    "name": "Glacial Peak Seal",
    "chest_unopened_img": "images/items/Icon_PowerSeal_16.png",
    "chest_opened_img": "images/items/Icon_PowerSeal_Collected_16.png",
    "visibility_rules": ["shuffled_power_seals"],
    "item_count": 1,
    "children": [
      {
        "name": "Glacial Peak Seal",
        "sections": [
          {
            "ref": "Glacial Peak/Glacial Peak Seal - Ice Climbers",
            "name": "Ice Climbers",
            "access_rules": ["grapplou"]
          }
        ],
        "map_locations": [
          {
            "map": "glacial_peak_map",
            "x": 530,
            "y": 2560
          }
        ]
      },
      {
        "name": "Glacial Peak Seal",
        "sections": [
          {
            "ref": "Glacial Peak/Glacial Peak Seal - Projectile Spike Pit",
            "name": "Projectile Spike Pit",
            "access_rules": ["wingsuit", "grapplou"]
          }
        ],
        "map_locations": [
          {
            "map": "glacial_peak_map",
            "x": 755,
            "y": 2105
          }
        ]
      },
      {
        "name": "Glacial Peak Seal",
        "sections": [
          {
            "ref": "Glacial Peak/Glacial Peak Seal - Glacial Air Swag",
            "name": "Glacial Air Swag",
            "access_rules": ["wingsuit", "grapplou"]
          }
        ],
        "map_locations": [
          {
            "map": "glacial_peak_map",
            "x": 755,
            "y": 965
          }
        ]
      }
    ]
  }
]