﻿[
  {
    "name": "Howling Grotto",
    "chest_unopened_img": "images/items/Icon_PowerSeal_16.png",
    "chest_opened_img": "images/items/Icon_PowerSeal_Collected_16.png",
    "item_count": 1,
    "sections": [
      {
        "name": "Wingsuit",
        "chest_unopened_img": "images/items/Icon_Wingsuit.png",
        "chest_opened_img": "images/items/Icon_WingsuitBW.png"
      },
      {
        "name": "Howling Grotto Seal - Windy Saws and Balls",
        "access_rules": ["wingsuit", "[hard]", "challenging", "oob"],
        "visibility_rules": ["shuffled_power_seals"],
        "chest_unopened_img": "images/items/Icon_PowerSeal_8.png",
        "chest_opened_img": "images/items/Icon_PowerSeal_Collected_8.png"
      },
      {
        "name": "Howling Grotto Seal - Crushing Pits",
        "access_rules": ["wingsuit, grapplou", "[challenging]", "oob"],
        "visibility_rules": ["shuffled_power_seals"]
      },
      {
        "name": "Howling Grotto Seal - Breezy Crushers",
        "visibility_rules": ["shuffled_power_seals"]
      }
    ],
    "map_locations": [
      {
        "map": "messenger_map",
        "x": 380,
        "y": 180
      }
    ]
  },
  {
    "chest_unopened_img": "images/items/Icon_PowerSeal_16.png",
    "chest_opened_img": "images/items/Icon_PowerSeal_Collected_16.png",
    "item_count": 1,
    "children": [
      {
        "sections": [
          {
            "ref": "Howling Grotto/Wingsuit",
            "name": "Wingsuit"
          }
        ],
        "map_locations": [
          {
            "map": "howling_grotto_map",
            "x": 308,
            "y": 70
          }
        ]
      },
      {
        "visibility_rules": ["shuffled_power_seals"],
        "children": [
          {
            "name": "Howling Grotto Seal",
            "sections": [
              {
                "ref": "Howling Grotto/Howling Grotto Seal - Windy Saws and Balls",
                "name": "Windy Saws and Balls"
              }
            ],
            "map_locations": [
              {
                "map": "howling_grotto_map",
                "x": 415,
                "y": 69
              }
            ]
          },
          {
            "name": "Howling Grotto Seal",
            "sections": [
              {
                "ref": "Howling Grotto/Howling Grotto Seal - Crushing Pits",
                "name": "Crushing Pits",
                "access_rules": ["wingsuit, grapplou"]
              }
            ],
            "map_locations": [
              {
                "map": "howling_grotto_map",
                "x": 624,
                "y": 212
              }
            ]
          },
          {
            "name": "Howling Grotto Seal",
            "sections": [
              {
                "ref": "Howling Grotto/Howling Grotto Seal - Breezy Crushers",
                "name": "Breezy Crushers"
              }
            ],
            "map_locations": [
              {
                "map": "howling_grotto_map",
                "x": 800,
                "y": 388
              }
            ]
          }
        ]
      }
    ]
  }
]