﻿[
  {
    "name": "Music Box",
    "access_rules": [
      "open_music_box, $open_music_box",
      "power_seal_hunt, $open_store_chest",
      "oob"
    ],
    "chest_unopened_img": "images/items/Icon_PowerSeal_8.png",
    "chest_opened_img": "images/items/Icon_PowerSeal_Collected_8.png",
    "item_count": 1,
    "map_locations": [
      {
        "map": "messenger_map",
        "x": "140",
        "y": 60
      }
    ],
    "sections": [
      {
        "name": "Rescue Phantom"
      }
    ]
  }
]