﻿[
  {
    "name": "Quillshroom Marsh",
    "chest_unopened_img": "images/items/Icon_PowerSeal_8.png",
    "chest_opened_img": "images/items/Icon_PowerSeal_Collected_8.png",
    "item_count": 1,
    "sections": [
      {
        "name": "Seashell",
        "chest_unopened_img": "images/items/Icon_EnchantedSeashell.png",
        "chest_opened_img": "images/items/Icon_EnchantedSeashellBW.png",
      },
      {
        "name": "Quillshroom Marsh Seal - Spikey Window"
      },
      {
        "name": "Quillshroom Marsh Seal - Sand Trap"
      },
      {
        "name": "Quillshroom Marsh Seal - Do the Spike Wave"
      }
    ],
    "map_locations": [
      {
        "map": "messenger_map",
        "x": 460,
        "y": 160
      }
    ]
  },
  {
    "item_count": 1,
    "children": [
      {
        "sections": [
          {
            "ref": "Quillshroom Marsh/Seashell",
            "name": "Seashell"
          }
        ],
        "map_locations": [
          {
            "map": "quillshroom_marsh_map",
            "x": 240,
            "y": 129
          }
        ]
      },
      {
        "visibility_rules": ["shuffled_power_seals"],
        "chest_unopened_img": "images/items/Icon_PowerSeal_8.png",
        "chest_opened_img": "images/items/Icon_PowerSeal_Collected_8.png",
        "children": [
          {
            "name": "Quillshroom Marsh Seal",
            "sections": [
              {
                "ref": "Quillshroom Marsh/Quillshroom Marsh Seal - Spikey Window",
                "name": "Spikey Window"
              }
            ],
            "map_locations": [
              {
                "map": "quillshroom_marsh_map",
                "x": 280,
                "y": 48
              }
            ]
          },
          {
            "name": "Quillshroom Marsh Seal",
            "sections": [
              {
                "ref": "Quillshroom Marsh/Quillshroom Marsh Seal - Sand Trap",
                "name": "Sand Trap"
              }
            ],
            "map_locations": [
              {
                "map": "quillshroom_marsh_map",
                "x": 559,
                "y": 68
              }
            ]
          },
          {
            "name": "Quillshroom Marsh Seal",
            "sections": [
              {
                "ref": "Quillshroom Marsh/Quillshroom Marsh Seal - Do the Spike Wave",
                "name": "Do the Spike Wave"
              }
            ],
            "map_locations": [
              {
                "map": "quillshroom_marsh_map",
                "x": 738,
                "y": 48
              }
            ]
          }
        ]
      }
    ]
  }
]