﻿[
  {
    "name": "Riviere Turquoise",
    "chest_unopened_img": "images/items/Icon_PowerSeal_16.png",
    "chest_opened_img": "images/items/Icon_PowerSeal_Collected_16.png",
    "item_count": 1,
    "map_locations": [
      {
        "map": "messenger_map",
        "x": 140,
        "y": 220
      }
    ],
    "sections": [
      {
        "name": "Fairy Bottle",
        "access_rules": ["$vertical", "[challenging]", "oob"],
        "chest_unopened_img": "images/items/Icon_MagicFirefly.png",
        "chest_opened_img": "images/items/Icon_MagicFireflyBW.png"
      },
      {
        "name": "Riviere Turquoise Seal - Bounces and Balls",
        "visibility_rules": ["shuffled_power_seals"]
      },
      {
        "name": "Riviere Turquoise Seal - Launch of Faith",
        "visibility_rules": ["shuffled_power_seals"]
      },
      {
        "name": "Riviere Turquoise Seal - Flower Power",
        "visibility_rules": ["shuffled_power_seals"],
        "access_rules": ["$vertical", "[challenging]", "oob"]
      }
    ]
  },
  {
    "chest_unopened_img": "images/items/Icon_PowerSeal_16.png",
    "chest_opened_img": "images/items/Icon_PowerSeal_Collected_16.png",
    "item_count": 1,
    "children": [
      {
        "sections": [
          {
            "ref": "Riviere Turquoise/Fairy Bottle",
            "name": "Fairy Bottle",
            "access_rules": ["$vertical"]
          }
        ],
        "map_locations": [
          {
            "map": "riviere_turquoise_map",
            "x": 150,
            "y": 515,
            "size": 90
          }
        ]
      },
      {
        "visibility_rules": ["shuffled_power_seals"],
        "children": [
          {
            "name": "Riviere Turquoise Seal",
            "sections": [
              {
                "ref": "Riviere Turquoise/Riviere Turquoise Seal - Bounces and Balls",
                "name": "Bounces and Balls"
              }
            ],
            "map_locations": [
              {
                "map": "riviere_turquoise_map",
                "x": 3345,
                "y": 445
              }
            ]
          },
          {
            "name": "Riviere Turquoise Seal",
            "sections": [
              {
                "ref": "Riviere Turquoise/Riviere Turquoise Seal - Launch of Faith",
                "name": "Launch of Faith"
              }
            ],
            "map_locations": [
              {
                "map": "riviere_turquoise_map",
                "x": 2385,
                "y": 1005
              }
            ]
          },
          {
            "name": "Riviere Turquoise Seal",
            "sections": [
              {
                "ref": "Riviere Turquoise/Riviere Turquoise Seal - Flower Power",
                "name": "Flower Power",
                "access_rules": ["$vertical"]
              }
            ],
            "map_locations": [
              {
                "map": "riviere_turquoise_map",
                "x": 786,
                "y": 125
              }
            ]
          }
        ]
      }
    ]
  }
]