﻿[
  {
    "name": "Searing Crags",
    "chest_unopened_img": "images/items/Icon_PowerSeal_16.png",
    "chest_opened_img": "images/items/Icon_PowerSeal_Collected_16.png",
    "item_count": 1,
    "map_locations": [
      {
        "map": "messenger_map",
        "x": 550,
        "y": 145
      }
    ],
    "sections": [
      {
        "name": "Rope Dart",
        "chest_unopened_img": "images/items/Icon_Graplou.png",
        "chest_opened_img": "images/items/Icon_GraplouBW.png"
      },
      {
        "name": "Pyro",
        "access_rules": ["lightfoot_tabi"],
        "chest_unopened_img": "images/items/Icon_PhobekinPyro.png",
        "chest_opened_img": "images/items/Icon_PhobekinPyroBW.png"
      },
      {
        "name": "Power Thistle",
        "access_rules": ["$vertical", "[hard]", "challenging", "oob"],
        "chest_unopened_img": "images/items/Icon_PowerThistle.png",
        "chest_opened_img": "images/items/Icon_PowerThistleBW.png"
      },
      {
        "name": "Key of Strength",
        "access_rules": ["power_thistle, $vertical", "power_thistle, [hard]", "power_thistle, challenging", "power_thistle, oob", "$vertical, [hard]", "$vertical, challenging", "$vertical, oob"],
        "chest_unopened_img": "images/items/Note_Strength.png",
        "chest_opened_img": "images/items/Note_StrengthBW.png"
      },
      {
        "name": "Astral Tea Leaves",
        "access_rules": ["$vertical", "[hard]", "challenging", "oob"],
        "chest_unopened_img": "images/items/Icon_AstralTeaLeaf.png",
        "chest_opened_img": "images/items/Icon_AstralTeaLeafBW.png"
      },
      {
        "name": "Searing Crags Seal - Triple Ball Spinner",
        "access_rules": ["$vertical", "[hard]", "challenging", "oob"],
        "visibility_rules": ["shuffled_power_seals"]
      },
      {
        "name": "Searing Crags Seal - Raining Rocks",
        "access_rules": ["$vertical", "[hard]", "challenging", "oob"],
        "visibility_rules": ["shuffled_power_seals"],
        "chest_unopened_img": "images/items/Icon_PowerSeal_8.png",
        "chest_opened_img": "images/items/Icon_PowerSeal_Collected_8.png"
      },
      {
        "name": "Searing Crags Seal - Rhythm Rocks",
        "access_rules": ["$vertical", "[hard]", "challenging", "oob"],
        "visibility_rules": ["shuffled_power_seals"]
      }
    ]
  },
  {
    "chest_unopened_img": "images/items/Icon_PowerSeal_16.png",
    "chest_opened_img": "images/items/Icon_PowerSeal_Collected_16.png",
    "item_count": 1,
    "children": [
      {
        "name": "Searing Crags",
        "sections": [
          {
            "ref": "Searing Crags/Rope Dart",
            "name": "Rope Dart",
            "chest_unopened_img": "images/items/Icon_Graplou.png",
            "chest_opened_img": "images/items/Icon_GraplouBW.png"
          }
        ],
        "map_locations": [
          {
            "map": "searing_crags_map",
            "x": 319,
            "y": 788
          }
        ]
      },
      {
        "sections": [
          {
            "ref": "Searing Crags/Pyro",
            "name": "Pyro",
            "access_rules": ["lightfoot_tabi"],
            "chest_unopened_img": "images/items/Icon_Pyro.png",
            "chest_opened_img": "images/items/Icon_PyroBW.png"
          }
        ],
        "map_locations": [
          {
            "map": "searing_crags_map",
            "x": 706,
            "y": 428,
            "size": 32
          }
        ]
      },
      {
        "access_rules": ["$vertical"],
        "children": [
          {
            "sections": [
              {
                "ref": "Searing Crags/Power Thistle",
                "name": "Power Thistle"
              }
            ],
            "map_locations": [
              {
                "map": "searing_crags_map",
                "x": 546,
                "y": 106,
                "size": 32
              }
            ]
          },
          {
            "sections": [
              {
                "ref": "Searing Crags/Key of Strength",
                "name": "Key of Strength",
                "access_rules": ["power_thistle"]
              }
            ],
            "map_locations": [
              {
                "map": "searing_crags_map",
                "x": 475,
                "y": 355
              }
            ]
          },
          {
            "sections": [
              {
                "ref": "Searing Crags/Astral Tea Leaves",
                "name": "Astral Tea Leaves"
              }
            ],
            "map_locations": [
              {
                "map": "searing_crags_map",
                "x": 546,
                "y": 165,
                "size": 32
              }
            ]
          },
          {
            "visibility_rules": ["shuffled_power_seals"],
            "children": [
              {
                "name": "Searing Crags Seal",
                "sections": [
                  {
                    "ref": "Searing Crags/Searing Crags Seal - Triple Ball Spinner",
                    "name": "Triple Ball Spinner"
                  }
                ],
                "map_locations": [
                  {
                    "map": "searing_crags_map",
                    "x": 350,
                    "y": 632
                  }
                ]
              },
              {
                "name": "Searing Crags Seal",
                "sections": [
                  {
                    "ref": "Searing Crags/Searing Crags Seal - Raining Rocks",
                    "name": "Raining Rocks"
                  }
                ],
                "map_locations": [
                  {
                    "map": "searing_crags_map",
                    "x": 567,
                    "y": 355
                  }
                ]
              },
              {
                "name": "Searing Crags Seal",
                "sections": [
                  {
                    "ref": "Searing Crags/Searing Crags Seal - Rhythm Rocks",
                    "name": "Rhythm Rocks"
                  }
                ],
                "map_locations": [
                  {
                    "map": "searing_crags_map",
                    "x": 629,
                    "y": 166
                  }
                ]
              }
            ]
          }
        ]
      }
    ]
  }
]