﻿[
  {
    "name": "Underworld",
    "access_rules": ["lightfoot_tabi", "oob"],
    "chest_unopened_img": "images/items/Icon_PowerSeal_8.png",
    "chest_opened_img": "images/items/Icon_PowerSeal_Collected_8.png",
    "item_count": 1,
    "map_locations": [
      {
        "map": "messenger_map",
        "x": 580,
        "y": 215
      }
    ],
    "sections": [
      {
        "name": "Key of Chaos",
        "chest_unopened_img": "images/items/Note_Chaos.png",
        "chest_opened_img": "images/items/Note_ChaosBW.png"
      },
      {
        "name": "Underworld Seal - Sharp and Windy Climb",
        "access_rules": ["wingsuit", "[challenging]", "oob"],
        "visibility_rules": ["shuffled_power_seals"]
      },
      {
        "name": "Underworld Seal - Spike Wall",
        "visibility_rules": ["shuffled_power_seals"]
      },
      {
        "name": "Underworld Seal - Fireball Wave",
        "access_rules": ["wingsuit", "lightfoot_tabi, windmill, [hard]", "lightfoot_tabi, windmill, challenging", "windmill, oob"],
        "visibility_rules": ["shuffled_power_seals"]
      },
      {
        "name": "Underworld Seal - Rising Fanta",
        "access_rules": ["grapplou"],
        "visibility_rules": ["shuffled_power_seals"]
      }
    ]
  },
  {
    "access_rules": ["lightfoot_tabi"],
    "chest_unopened_img": "images/items/Icon_PowerSeal_8.png",
    "chest_opened_img": "images/items/Icon_PowerSeal_Collected_8.png",
    "item_count": 1,
    "children": [
      {
        "sections": [
          {
            "ref": "Underworld/Key of Chaos",
            "name": "Key of Chaos"
          }
        ],
        "map_locations": [
          {
            "map": "underworld_map",
            "x": 716,
            "y": 570,
            "size": 40
          }
        ]
      },
      {
        "visibility_rules": ["shuffled_power_seals"],
        "children": [
          {
            "name": "Underworld Seal",
            "sections": [
              {
                "ref": "Underworld/Underworld Seal - Sharp and Windy Climb",
                "name": "Sharp and Windy Climb",
                "access_rules": ["wingsuit"]
              }
            ],
            "map_locations": [
              {
                "map": "underworld_map",
                "x": 316,
                "y": 221
              }
            ]
          },
          {
            "name": "Underworld Seal",
            "sections": [
              {
                "ref": "Underworld/Underworld Seal - Spike Wall",
                "name": "Spike Wall"
              }
            ],
            "map_locations": [
              {
                "map": "underworld_map",
                "x": 424,
                "y": 294
              }
            ]
          },
          {
            "name": "Underworld Seal",
            "sections": [
              {
                "ref": "Underworld/Underworld Seal - Fireball Wave",
                "name": "Fireball Wave",
                "access_rules": ["wingsuit"]
              }
            ],
            "map_locations": [
              {
                "map": "underworld_map",
                "x": 424,
                "y": 330
              }
            ]
          },
          {
            "name": "Underworld Seal",
            "sections": [
              {
                "ref": "Underworld/Underworld Seal - Rising Fanta",
                "name": "Rising Fanta",
                "access_rules": ["grapplou"]
              }
            ],
            "map_locations": [
              {
                "map": "underworld_map",
                "x": 600,
                "y": 225
              }
            ]
          }
        ]
      }
    ]
  }
]