﻿[
  {
    "name": "Sunken Shrine",
    "chest_unopened_img": "images/items/Icon_PowerSeal_8.png",
    "chest_opened_img": "images/items/Icon_PowerSeal_Collected_8.png",
    "item_count": 1,
    "map_locations": [
      {
        "map": "messenger_map",
        "x": 450,
        "y": 270
      }
    ],
    "sections": [
      {
        "name": "Ninja Tabi",
        "chest_unopened_img": "images/items/Icon_LightfootTabi.png",
        "chest_opened_img": "images/items/Icon_LightfootTabiBW.png"
      },
      {
        "name": "Sun Crest",
        "access_rules": ["lightfoot_tabi"],
        "chest_unopened_img": "images/items/Icon_SunCrest.png",
        "chest_opened_img": "images/items/Icon_SunCrestBW.png"
      },
      {
        "name": "Moon Crest",
        "access_rules": ["lightfoot_tabi"],
        "chest_unopened_img": "images/items/Icon_MoonCrest.png",
        "chest_opened_img": "images/items/Icon_MoonCrestBW.png"
      },
      {
        "name": "Key of Love",
        "access_rules": ["sun_crest, moon_crest"],
        "chest_unopened_img": "images/items/Note_Love.png",
        "chest_opened_img": "images/items/Note_LoveBW.png"
      },
      {
        "name": "Sunken Shrine Seal - Ultra Lifeguard",
        "parent": "Sunken Shrine Seal",
        "visibility_rules": ["shuffled_power_seals"],
        "chest_unopened_img": "images/items/Icon_PowerSeal_16.png",
        "chest_opened_img": "images/items/Icon_PowerSeal_Collected_16.png"
      },
      {
        "name": "Sunken Shrine Seal - Waterfall Paradise",
        "access_rules": ["lightfoot_tabi"],
        "visibility_rules": ["shuffled_power_seals"]
      },
      {
        "name": "Sunken Shrine Seal - Tabi Gauntlet",
        "access_rules": ["lightfoot_tabi"],
        "visibility_rules": ["shuffled_power_seals"]
      }
    ]
  },
  {
    "chest_unopened_img": "images/items/Icon_PowerSeal_8.png",
    "chest_opened_img": "images/items/Icon_PowerSeal_Collected_8.png",
    "item_count": 1,
    "children": [
      {
        "sections": [
          {
            "ref": "Sunken Shrine/Ninja Tabi",
            "name": "Ninja Tabi"
          }
        ],
        "map_locations": [
          {
            "map": "sunken_shrine_map",
            "x": 392,
            "y": 330
          }
        ]
      },
      {
        "sections": [
          {
            "ref": "Sunken Shrine/Sun Crest",
            "name": "Sun Crest",
            "access_rules": ["lightfoot_tabi"]
          }
        ],
        "map_locations": [
          {
            "map": "sunken_shrine_map",
            "x": 380,
            "y": 730
          }
        ]
      },
      {
        "sections": [
          {
            "ref": "Sunken Shrine/Moon Crest",
            "name": "Moon Crest",
            "access_rules": ["lightfoot_tabi"]
          }
        ],
        "map_locations": [
          {
            "map": "sunken_shrine_map",
            "x": 516,
            "y": 700
          }
        ]
      },
      {
        "sections": [
          {
            "ref": "Sunken Shrine/Key of Love",
            "name": "Key of Love",
            "access_rules": ["sun_crest, moon_crest"]
          }
        ],
        "map_locations": [
          {
            "map": "sunken_shrine_map",
            "x": 715,
            "y": 415
          }
        ]
      },
      {
        "visibility_rules": ["shuffled_power_seals"],
        "children": [
          {
            "name": "Sunken Shrine Seal",
            "sections": [
              {
                "ref": "Sunken Shrine/Sunken Shrine Seal - Ultra Lifeguard",
                "name": "Ultra Lifeguard"
              }
            ],
            "map_locations": [
              {
                "map": "sunken_shrine_map",
                "x": 785,
                "y": 300,
                "size": 46
              }
            ]
          },
          {
            "name": "Sunken Shrine Seal",
            "sections": [
              {
                "ref": "Sunken Shrine/Sunken Shrine Seal - Waterfall Paradise",
                "name": "Waterfall Paradise",
                "access_rules": ["lightfoot_tabi"]
              }
            ],
            "map_locations": [
              {
                "map": "sunken_shrine_map",
                "x": 208,
                "y": 508,
                "size": 46
              }
            ]
          },
          {
            "name": "Sunken Shrine Seal",
            "sections": [
              {
                "ref": "Sunken Shrine/Sunken Shrine Seal - Tabi Gauntlet",
                "name": "Tabi Gauntlet",
                "access_rules": ["lightfoot_tabi"]
              }
            ],
            "map_locations": [
              {
                "map": "sunken_shrine_map",
                "x": 838,
                "y": 878,
                "size": 46
              }
            ]
          }
        ]
      }
    ]
  }
]