[
  {
    "name": "Key of Hope",
    "type": "toggle",
    "img": "images/items/Icon_KeyHope.png",
    "codes": "key_of_hope"
  },
  {
    "name": "Key of Chaos",
    "type": "toggle",
    "img": "images/items/Icon_KeyChaos.png",
    "codes": "key_of_chaos"
  },
  {
    "name": "Key of Courage",
    "type": "toggle",
    "img": "images/items/Icon_KeyCourage.png",
    "codes": "key_of_courage"
  },
  {
    "name": "Key of Love",
    "type": "toggle",
    "img": "images/items/Icon_KeyLove.png",
    "codes": "key_of_love"
  },
  {
    "name": "Key of Strength",
    "type": "toggle",
    "img": "images/items/Icon_KeyStrength.png",
    "codes": "key_of_strength"
  },
  {
    "name": "Key of Symbiosis",
    "type": "toggle",
    "img": "images/items/Icon_KeySymbiosis.png",
    "codes": "key_of_symbiosis"
  },
  {
    "name": "Scroll",
    "type": "toggle",
    "allow_disabled": false,
    "img": "images/items/Icon_UpgradedScroll.png",
    "codes": "scroll"
  },
  {
    "name": "Climbing Claws",
    "type": "toggle",
    "allow_disabled": false,
    "img": "images/items/Icon_ClimbingClaws.png",
    "disabled_img": "images/items/Icon_ClimbingClawsBW.png",
    "codes": "climbing_claws"
  },
  {
    "name": "Windmill Shuriken",
    "type": "toggle",
    "img": "images/items/Icon_WindmillShuriken.png",
    "disabled_img": "images/items/Icon_WindmillShurikenBW.png",
    "codes": "windmill_shuriken"
  },
  {
    "name": "Wingsuit",
    "type": "toggle",
    "img": "images/items/Icon_Wingsuit.png",
    "disabled_img": "images/items/Icon_WingsuitBW.png",
    "codes": "wingsuit"
  },
  {
    "name": "Rope Dart",
    "type": "toggle",
    "img": "images/items/Icon_Graplou.png",
    "disabled_img": "images/items/Icon_GraplouBW.png",
    "codes": "grapplou"
  },
  {
    "name": "Ninja Tabi",
    "type": "toggle",
    "img": "images/items/Icon_LightfootTabi.png",
    "disabled_img": "images/items/Icon_LightfootTabiBW.png",
    "codes": "lightfoot_tabi"
  },
  {
    "name": "Astral Tea Seed",
    "type": "toggle",
    "img": "images/items/Icon_AstralTeaSeed.png",
    "disabled_img": "images/items/Icon_AstralTeaSeed.png",
    "codes": "astral_tea_seed"
  },
  {
    "name": "Astral Tea Leaves",
    "type": "toggle",
    "img": "images/items/Icon_AstralTeaLeaf.png",
    "disabled_img": "images/items/Icon_AstralTeaLeafBW.png",
    "codes": "astral_tea_leaves"
  },
  {
    "name": "Candle",
    "type": "toggle",
    "img": "images/items/Icon_Candle.png",
    "disabled_img": "images/items/Icon_CandleBW.png",
    "codes": "candle"
  },
  {
    "name": "Seashell",
    "type": "toggle",
    "img": "images/items/Icon_EnchantedSeashell.png",
    "disabled_img": "images/items/Icon_EnchantedSeashellBW.png",
    "codes": "seashell"
  },
  {
    "name": "Power Thistle",
    "type": "toggle",
    "img": "images/items/Icon_PowerThistle.png",
    "disabled_img": "images/items/Icon_PowerThistleBW.png",
    "codes": "power_thistle"
  },
  {
    "name": "Demon King Crown",
    "type": "toggle",
    "img": "images/items/Icon_DemonCrown.png",
    "disabled_img": "images/items/Icon_DemonCrownBW.png",
    "codes": "demon_king_crown"
  },
  {
    "name": "Ruxxtin's Amulet",
    "type": "toggle",
    "img": "images/items/Icon_NecromancerAmulet.png",
    "disabled_img": "images/items/Icon_NecromancerAmuletBW.png",
    "codes": "ruxxtin_amulet"
  },
  {
    "name": "Fairy Bottle",
    "type": "toggle",
    "img": "images/items/Icon_MagicFirefly.png",
    "disabled_img": "images/items/Icon_MagicFireflyBW.png",
    "codes": "fairy_bottle"
  },
  {
    "name": "Sun Crest",
    "type": "toggle",
    "img": "images/items/Icon_SunCrest.png",
    "disabled_img": "images/items/Icon_SunCrestBW.png",
    "codes": "sun_crest"
  },
  {
    "name": "Moon Crest",
    "type": "toggle",
    "img": "images/items/Icon_MoonCrest.png",
    "disabled_img": "images/items/Icon_MoonCrestBW.png",
    "codes": "moon_crest"
  },
  {
    "name": "Cloudstep",
    "type": "toggle",
    "allow_disabled": false,
    "img": "images/items/Icon_CloudStep.png",
    "codes": "cloudstep"
  },
  {
    "name": "Strike of the Ninja",
    "type": "toggle",
    "allow_disabled": false,
    "img": "images/items/Icon_AttackProjectile.png",
    "codes": "attack_projectile"
  },
  {
    "name": "Second wind",
    "type": "toggle",
    "allow_disabled": false,
    "img": "images/items/Icon_AirRecover.png",
    "codes": "air_recover"
  },
  {
    "name": "Currents master",
    "type": "toggle",
    "allow_disabled": false,
    "img": "images/items/Icon_SwimDash.png",
    "codes": "swim_dash"
  },
  {
    "name": "Aerobatics warrior",
    "type": "toggle",
    "allow_disabled": false,
    "img": "images/items/Icon_GlideAttack.png",
    "codes": "glide_attack"
  },
  {
    "name": "Demon's bane",
    "type": "toggle",
    "allow_disabled": false,
    "img": "images/items/Icon_PowerAttack.png",
    "codes": "power_attack"
  },
  {
    "name": "Power Seal",
    "type": "consumable",
    "img": "images/items/Icon_PowerSeals.png",
    "codes": "power_seal",
    "overlay_background": "#000000",
    "max_quantity": 45
  },
  {
    "name": "Time Shard",
    "type": "consumable",
    "img": "images/items/CoinIcon.png",
    "codes": "time_shard",
    "overlay_background": "#000000",
    "max_quantity": 9999,
    "increment": 69
  },
  {
    "name": "Necro",
    "type": "toggle",
    "img": "images/items/Icon_PhobekinNecro.png",
    "disabled_img": "images/items/Icon_PhobekinNecroBW.png",
    "codes": "necro"
  },
  {
    "name": "Pyro",
    "type": "toggle",
    "img": "images/items/Icon_PhobekinPyro.png",
    "disabled_img": "images/items/Icon_PhobekinPyroBW.png",
    "codes": "pyro"
  },
  {
    "name": "Claustro",
    "type": "toggle",
    "img": "images/items/Icon_PhobekinClaustro.png",
    "disabled_img": "images/items/Icon_PhobekinClaustroBW.png",
    "codes": "claustro"
  },
  {
    "name": "Acro",
    "type": "toggle",
    "img": "images/items/Icon_PhobekinAcro.png",
    "disabled_img": "images/items/Icon_PhobekinAcroBW.png",
    "codes": "acro"
  }
]